public-id,secret-id,name
3431040,GwpxhGY,That's not my Neighbor
113200,6KkiuAA,The Binding of Isaac
250900,h4f1YN,The Binding of Isaac: Rebirth
1167630,kLXLRv,Teardown
1510,5UHJuG1,Uplink
3164500,QVb4QN,Schedule I
844260,gHBybH1,Rustler (Grand Theft Horse)
813780,wEzOsLY,Age of Empires II: Definitive Edition
550,oVsIkxy,Left 4 Dead 2
393080,wtCSBZ,Call of Duty®: Modern Warfare® Remastered
1435790,zdYekS,Escape Simulator
80,XwMzXV,Counter-Strike Condition Zero
10,S16H0l,Counter-Strike
20,4UJOlC,Team Fortress Classic
30,286bBC5,Day of Defeat
40,DOPRKY4,Deathmatch Classic
70,w9TSmu,Half-Life
220,lAGJR0,Half-Life 2
240,XjRfs01,Counter-Strike: Source
280,EDJGK5,Half-Life: Source
300,8HmiMj7,Day of Defeat: Source
252490,Av6PRE,Rust
413150,Oafmtp,Stardew Valley
945360,mrF3jHn,Among Us
3241660,jImIBVN,R.E.P.O.
1091500,LkAJMM7,Cyberpunk 2077
3158270,8JmP3Zu,Football Life Simulator
1672970,NurEMl,Minecraft Dungeons
1888930,Ih2p04,The Last of Us™ Part I
2531310,qcJuE3,The Last of Us™ Part II Remastered
2890830,R6tExrG9,Streamer Life Simulator 2
1261040,EkwQ9g,Streamer Life Simulator
1903340,YXel8Z,Clair Obscur: Expedition 33
381210,V89x92B,Dead by Daylight
284160,vj0DDW,BeamNG.drive
2993780,1l5zaN,FANTASY LIFE i: The Girl Who Steals Time
227300,D9LSCN,Euro Truck Simulator 2
107410,S7UpAM,Arma 3
881020,hPXb6W,Granblue Fantasy: Relink
962400,MOSROl,Granny
1216710,88d2OC,Cyber Manhunt
2421410,rGh6mv,Cyber Manhunt 2: New World - The Hacking Simulator
1353230,CEXsx0,Bomb Rush Cyberfunk
12130,yPMd7y,Manhunt
221380,7pAAES,Age of Empires II (Retired)
1517290,DNX3fu,Battlefield™ 2042
49520,mViXe7,Borderlands 2
397540,vx1JcZ,Borderlands 3
2630,IDz4QP,Call of Duty® 2
2620,8iJDid,Call of Duty® (2003)
730,vjjYF5o,Counter-Strike 2
1938090,hpuscV,Call of Duty®
782330,YS001u,DOOM Eternal
239140,zZ1mwa,Dying Light
534380,Lx1sTN,Dying Light 2 Stay Human: Reloaded Edition
1245620,PxVuGb, Elden RIng
377160,Qd0jtF,Fallout 4
298110,qxLUjDr,Far Cry 4
38410,Fu64gPL,Fallout 2 A Post Nuclear Role Playing Game
1551360,VvvxA2,Forza Horizon 5
2440510,exSpR1,Forza Motorsport
2215430,6u6mXR,Ghost of Tsushima DIRECTOR'S CUT
1593500,FD0Ih2,God of War
2322010,WHXc8a,God of War Ragnarök
12180,xyc4mV,Grand Theft Auto 2
1547000,iHTE5V,Grand Theft Auto: San Andreas
1546990,fX3qUZQ,Grand Theft Auto: Vice City
12210,PE4qp8,Grand Theft Auto IV: The Complete Edition
3240220,s1lxIZ,Grand Theft Auto V Enhanced
1546970,3Bifs7T,Grand Theft Auto III – The Definitive Edition
12220,9KNpnv,Grand Theft Auto: Episodes from Liberty City
2668510,GcjoYN,Red Dead Redemption
3558300,0IaCPEB,Fear of Hot Water Ghost
271590,QUWJ99m,Grand Theft Auto V Legacy
990080,WdX217,Hogwarts Legacy
2420110,eejG80,Horizon Forbidden West™ Complete Edition
2677660,xLSEgy,Indiana Jones and the Great Circle
1817070,dMvXf8v,Marvel’s Spider-Man Remastered
412020,eU7d56,Metro Exodus
22100,FHYWCDs,Mount & Blade
1182900,CQf3B1,A Plague Tale Requiem
578080,82DCyh0,PUBG BATTLEGROUNDS
1895880,BvKZrQG,Ratchet & Clank: Rift Apart
1174180,pGZir8,Red Dead Redemption 2
2050650,nRAxFG,Resident Evil 4
254700,NT9tmlA,Resident Evil 4 (2005)
750920,7Wj0GH,Shadow of the Tomb Raider Definitive Edition
1404210,v7iRNL,Red Dead Online
105600,Z2kEL3,Terraria
1281930,Dsa1ca,tModLoader
3242750,4PhB3U,Level Devil
1622910,GNlTjwq,Still Wakes the Deep
1458140,iuH4P6V,Pacific Drive
1562430,99wcV0,DREDGE